{"rep_simulation": {"sim": [[21, 18550], [20, 18550], [22, 18550], [21, 18550]], "moy": [21.0, 18550.0], "tps_tot": 0.264725923538208, "tps_boucle": 0.05319070816040039}, "parametre": {"nbr_simulation": 4, "tps_simulation": 5, "temps": [3, 1.6, 1.2, 0.96, 0.8], "cst_tps": 6, "puissance": 70, "vitesse": [7.2, 54, 72, 90, 108], "nbr_utilisateur": 10, "type": 1, "nbr_lampadaire": 0, "fonction": 1, "save": true}}