{"rep_simulation": {"sim": [[94, 44520], [94, 44520], [94, 44520], [94, 44520], [96, 44520], [95, 44520], [96, 44520], [95, 44520], [94, 44520], [93, 44520], [96, 44520], [100, 44520], [95, 44520], [92, 44520], [94, 44520], [99, 44520], [93, 44520], [93, 44520], [93, 44520], [93, 44520], [91, 44520], [95, 44520], [96, 44520], [92, 44520], [95, 44520], [95, 44520], [99, 44520], [93, 44520], [96, 44520], [97, 44520], [97, 44520], [97, 44520], [94, 44520], [95, 44520], [95, 44520], [96, 44520], [91, 44520], [96, 44520], [95, 44520], [92, 44520], [92, 44520], [96, 44520], [90, 44520], [94, 44520], [95, 44520], [98, 44520], [95, 44520], [96, 44520], [93, 44520], [96, 44520], [94, 44520], [94, 44520], [93, 44520], [95, 44520], [97, 44520], [97, 44520], [97, 44520], [95, 44520], [93, 44520], [99, 44520], [94, 44520], [97, 44520], [95, 44520], [91, 44520], [96, 44520], [97, 44520], [94, 44520], [95, 44520], [92, 44520], [96, 44520], [92, 44520], [94, 44520], [95, 44520], [96, 44520], [94, 44520], [95, 44520], [95, 44520], [95, 44520], [95, 44520], [95, 44520], [94, 44520], [95, 44520], [94, 44520], [93, 44520], [94, 44520], [94, 44520], [95, 44520], [95, 44520], [95, 44520], [92, 44520], [93, 44520], [92, 44520], [91, 44520], [96, 44520], [93, 44520], [97, 44520], [97, 44520], [91, 44520], [99, 44520], [95, 44520]], "moy": [94.67, 44520.0], "tps_tot": 120.96118688583374, "tps_boucle": 81.62815434217453}, "parametre": {"nbr_simulation": 100, "tps_simulation": 12, "temps": [3, 1.6, 1.2, 0.96, 0.8], "cst_tps": 6, "puissance": 70, "vitesse": [7.2, 54, 72, 90, 108], "nbr_utilisateur": 100, "type": 1, "nbr_lampadaire": 0, "fonction": 1, "save": true}}